detector,attack,clean_tpr,clean_balanced,n_attacked,max_evasion,eps_50,cost_db_at_eps_50,frac_changed_at_eps_50,eps_90,cost_db_at_eps_90,frac_changed_at_eps_90
audio_spectrogram,fgsm,0.5648148148148149,0.6550925914888029,40.666666666666664,0.031746032337347664,,,,,,
audio_spectrogram,pgd,0.5648148148148149,0.6550925914888029,40.666666666666664,0.39515455563863117,,,,,,
audio_spectrogram,pgd_bpda,0.5648148148148149,0.6550925914888029,40.666666666666664,0.3529657522837321,,,,,,
audio_spectrogram,random,0.5648148148148149,0.6550925914888029,40.666666666666664,0.0079365080843369,,,,,,
audio_spectrogram,transfer,0.5648148148148149,0.6550925914888029,40.666666666666664,0.0,,,,,,
audio_waveform,fgsm,0.3611111111111111,0.5810185306602054,26.0,0.0133333330353101,,,,,,
audio_waveform,pgd,0.3611111111111111,0.5810185306602054,26.0,0.6260919570922852,4096.0,12.570281664530436,0.9998896718025208,,,
audio_waveform,pgd_bpda,0.3611111111111111,0.5810185306602054,26.0,0.9612835049629211,1024.0,23.539035161336262,0.9912197391192118,4096.0,12.1570037206014,0.9978294968605042
audio_waveform,random,0.3611111111111111,0.5810185306602054,26.0,0.3393486589193344,,,,,,
audio_waveform,transfer,0.3611111111111111,0.5810185306602054,26.0,0.6854023138682047,4096.0,14.192025820414225,0.9925736387570699,,,
image_cnn,fgsm,0.8402777777777777,0.8391203615400525,40.333333333333336,0.7290889819463094,2.0,42.151833852132164,0.9925071398417155,,,
image_cnn,fgsm_bpda,0.8402777777777777,0.8391203615400525,40.333333333333336,0.6800537904103597,2.0,42.131239573160805,0.9972082575162252,,,
image_cnn,pgd,0.8402777777777777,0.8391203615400525,40.333333333333336,1.0,1.0,51.03292338053385,0.5129508574803671,1.0,51.03292338053385,0.5129508574803671
image_cnn,pgd_bpda,0.8402777777777777,0.8391203615400525,40.333333333333336,1.0,1.0,51.063401540120445,0.5093263188997904,1.0,51.063401540120445,0.5093263188997904
image_cnn,random,0.8402777777777777,0.8391203615400525,40.333333333333336,0.016066589082280768,,,,,,
image_cnn_advtrained,pgd,0.826388888888889,0.7141203747855293,39.666666666666664,1.0,1.0,51.03203582763672,0.5130146344502767,1.0,51.03203582763672,0.5130146344502767
image_cnn_advtrained,pgd_bpda,0.826388888888889,0.7141203747855293,39.666666666666664,1.0,1.0,51.03276062011719,0.5129042863845825,1.0,51.03276062011719,0.5129042863845825