modality,method,n,accuracy,setting
image,dct_qim,675,0.6118518518518519,all_methods_train
image,lsb,675,0.7096296296296296,all_methods_train
image,lsb_matching,675,0.5614814814814815,all_methods_train
image,none,225,0.8755555555555555,all_methods_train
audio,echo_hiding,675,0.7229629629629629,all_methods_train
audio,lsb,675,0.4725925925925926,all_methods_train
audio,lsb_matching,675,0.45185185185185184,all_methods_train
audio,none,225,0.7022222222222222,all_methods_train
image,dct_qim,675,0.642962962962963,held_out_dct_qim
image,lsb,675,0.762962962962963,held_out_dct_qim
image,lsb_matching,675,0.6325925925925926,held_out_dct_qim
image,none,225,0.8622222222222222,held_out_dct_qim
audio,echo_hiding,675,0.4696296296296296,held_out_echo_hiding
audio,lsb,675,0.4874074074074074,held_out_echo_hiding
audio,lsb_matching,675,0.48592592592592593,held_out_echo_hiding
audio,none,225,0.6444444444444445,held_out_echo_hiding
