detector,modality,setting,method,is_held_out,method_recall,cover_recall,balanced_acc,auc,tag
cnn:audio_spectrogram,audio,all_methods_train,echo_hiding,False,0.9703703703703704,0.5733333333333334,0.6353086419753087,0.6804587105624142,audio_spectrogram_allmethods
cnn:audio_spectrogram,audio,all_methods_train,lsb,False,0.5644444444444444,0.5733333333333334,0.6353086419753087,0.6804587105624142,audio_spectrogram_allmethods
cnn:audio_spectrogram,audio,all_methods_train,lsb_matching,False,0.557037037037037,0.5733333333333334,0.6353086419753087,0.6804587105624142,audio_spectrogram_allmethods
cnn:audio_spectrogram,audio,held_out_echo_hiding,echo_hiding,True,0.3792592592592592,0.6844444444444444,0.5508641975308641,0.6226502057613168,audio_spectrogram_excl_echo_hiding
cnn:audio_spectrogram,audio,held_out_echo_hiding,lsb,False,0.4488888888888889,0.6844444444444444,0.5508641975308641,0.6226502057613168,audio_spectrogram_excl_echo_hiding
cnn:audio_spectrogram,audio,held_out_echo_hiding,lsb_matching,False,0.4237037037037037,0.6844444444444444,0.5508641975308641,0.6226502057613168,audio_spectrogram_excl_echo_hiding
cnn:audio_waveform,audio,all_methods_train,echo_hiding,False,0.8355555555555556,0.8222222222222222,0.6096296296296296,0.640482853223594,audio_waveform_allmethods
cnn:audio_waveform,audio,all_methods_train,lsb,False,0.1777777777777777,0.8222222222222222,0.6096296296296296,0.640482853223594,audio_waveform_allmethods
cnn:audio_waveform,audio,all_methods_train,lsb_matching,False,0.1777777777777777,0.8222222222222222,0.6096296296296296,0.640482853223594,audio_waveform_allmethods
cnn:audio_waveform,audio,held_out_echo_hiding,echo_hiding,True,0.1762962962962962,0.84,0.5027160493827161,0.5028861454046639,audio_waveform_excl_echo_hiding
cnn:audio_waveform,audio,held_out_echo_hiding,lsb,False,0.16,0.84,0.5027160493827161,0.5028861454046639,audio_waveform_excl_echo_hiding
cnn:audio_waveform,audio,held_out_echo_hiding,lsb_matching,False,0.16,0.84,0.5027160493827161,0.5028861454046639,audio_waveform_excl_echo_hiding
cnn:image_cnn,image,all_methods_train,dct_qim,False,0.8340740740740741,0.8266666666666667,0.8177777777777777,0.9175989026063102,image_cnn_allmethods
cnn:image_cnn,image,all_methods_train,lsb,False,0.7925925925925926,0.8266666666666667,0.8177777777777777,0.9175989026063102,image_cnn_allmethods
cnn:image_cnn,image,all_methods_train,lsb_matching,False,0.8,0.8266666666666667,0.8177777777777777,0.9175989026063102,image_cnn_allmethods
cnn:image_cnn,image,held_out_dct_qim,dct_qim,True,0.7674074074074074,0.8044444444444444,0.782962962962963,0.8794513031550069,image_cnn_excl_dct_qim
cnn:image_cnn,image,held_out_dct_qim,lsb,False,0.7555555555555555,0.8044444444444444,0.782962962962963,0.8794513031550069,image_cnn_excl_dct_qim
cnn:image_cnn,image,held_out_dct_qim,lsb_matching,False,0.7614814814814815,0.8044444444444444,0.782962962962963,0.8794513031550069,image_cnn_excl_dct_qim
classical:random_forest,audio,all_methods_train,echo_hiding,False,0.7229629629629629,0.7022222222222222,0.625679012345679,,classical_audio_all_methods_train
classical:random_forest,audio,all_methods_train,lsb,False,0.4725925925925926,0.7022222222222222,0.625679012345679,,classical_audio_all_methods_train
classical:random_forest,audio,all_methods_train,lsb_matching,False,0.4518518518518518,0.7022222222222222,0.625679012345679,,classical_audio_all_methods_train
classical:random_forest,audio,held_out_echo_hiding,echo_hiding,True,0.4696296296296296,0.6444444444444445,0.5627160493827161,,classical_audio_held_out_echo_hiding
classical:random_forest,audio,held_out_echo_hiding,lsb,False,0.4874074074074074,0.6444444444444445,0.5627160493827161,,classical_audio_held_out_echo_hiding
classical:random_forest,audio,held_out_echo_hiding,lsb_matching,False,0.4859259259259259,0.6444444444444445,0.5627160493827161,,classical_audio_held_out_echo_hiding
classical:random_forest,image,all_methods_train,dct_qim,False,0.6118518518518519,0.8755555555555555,0.7516049382716049,,classical_image_all_methods_train
classical:random_forest,image,all_methods_train,lsb,False,0.7096296296296296,0.8755555555555555,0.7516049382716049,,classical_image_all_methods_train
classical:random_forest,image,all_methods_train,lsb_matching,False,0.5614814814814815,0.8755555555555555,0.7516049382716049,,classical_image_all_methods_train
classical:random_forest,image,held_out_dct_qim,dct_qim,True,0.642962962962963,0.8622222222222222,0.7708641975308642,,classical_image_held_out_dct_qim
classical:random_forest,image,held_out_dct_qim,lsb,False,0.762962962962963,0.8622222222222222,0.7708641975308642,,classical_image_held_out_dct_qim
classical:random_forest,image,held_out_dct_qim,lsb_matching,False,0.6325925925925926,0.8622222222222222,0.7708641975308642,,classical_image_held_out_dct_qim
