epoch,train_loss,lr,overall_acc,balanced_acc,cover_recall,stego_recall,auc
1,0.6984778950291295,0.0001,0.9,0.5,0.0,1.0,0.5213271604938272
2,0.6868462831743302,9.98458666866564e-05,0.9,0.5,0.0,1.0,0.5318827160493828
3,0.681508598789092,9.938441702975689e-05,0.9,0.5,0.0,1.0,0.4790123456790123
4,0.6776529540938716,9.861849601988383e-05,0.9,0.5,0.0,1.0,0.49341049382716046
5,0.6739789843559265,9.755282581475767e-05,0.9,0.5,0.0,1.0,0.47651234567901235
6,0.6624574257481483,9.619397662556432e-05,0.9,0.5,0.0,1.0,0.5130246913580246
7,0.6671878580124148,9.455032620941837e-05,0.9,0.5,0.0,1.0,0.5146604938271604
8,0.6592196024233296,9.26320082177046e-05,0.9,0.5,0.0,1.0,0.514104938271605
9,0.6673569890760607,9.045084971874737e-05,0.3466666666666667,0.5037037037037037,0.7,0.3074074074074074,0.5244135802469136
10,0.6574424745575074,8.802029828000154e-05,0.235,0.500925925925926,0.8333333333333334,0.1685185185185185,0.5192901234567902
11,0.658916812750601,8.535533905932737e-05,0.645,0.5212962962962963,0.36666666666666664,0.6759259259259259,0.4976851851851852
12,0.6463866406871427,8.247240241650918e-05,0.24,0.5037037037037038,0.8333333333333334,0.17407407407407408,0.5267283950617283
13,0.646132004837836,7.938926261462365e-05,0.45166666666666666,0.5101851851851852,0.5833333333333334,0.43703703703703706,0.5225
14,0.6311198530658599,7.612492823579742e-05,0.44,0.5185185185185186,0.6166666666666667,0.4203703703703704,0.5227777777777778
15,0.6477510150401823,7.269952498697731e-05,0.6633333333333333,0.5018518518518519,0.3,0.7037037037037037,0.5253395061728395
16,0.6367513037496998,6.913417161825447e-05,0.5916666666666667,0.5212962962962964,0.43333333333333335,0.6092592592592593,0.5261728395061729
17,0.6198398922720263,6.545084971874736e-05,0.5283333333333333,0.5231481481481481,0.5166666666666667,0.5296296296296297,0.5244444444444445
18,0.6391578047506271,6.167226819279526e-05,0.65,0.5018518518518518,0.31666666666666665,0.687037037037037,0.5355246913580247
19,0.6297141087632026,5.7821723252011525e-05,0.9,0.5,0.0,1.0,0.5023456790123456
20,0.6207520211896589,5.392295478639223e-05,0.9,0.5,0.0,1.0,0.4837654320987654
21,0.6158453552953659,4.999999999999998e-05,0.9,0.5,0.0,1.0,0.4869444444444445
22,0.6165223938803519,4.607704521360774e-05,0.9,0.5,0.0,1.0,0.49256172839506174
23,0.6140136526476953,4.217827674798845e-05,0.7933333333333333,0.5,0.13333333333333333,0.8666666666666667,0.47197530864197534
24,0.6038070917129517,3.832773180720472e-05,0.86,0.5,0.05,0.95,0.47978395061728396
25,0.5996857198976702,3.4549150281252616e-05,0.86,0.5,0.05,0.95,0.47111111111111115
26,0.6052627534635605,3.08658283817455e-05,0.7666666666666667,0.5,0.16666666666666666,0.8333333333333334,0.4709876543209877
27,0.6049293116215737,2.730047501302265e-05,0.86,0.5,0.05,0.95,0.4894135802469136
